{
    "guru": [
        {"id": 1, "nama": "Us Asiyah", "token": "z@8UVa!xcy8f8joXgTCE"},
        {"id": 2, "nama": "Ust Yoki", "token": "g4T9yceBYh3yRtBGk6gW"},
        {"id": 3, "nama": "Ust Andi", "token": "7FpFWbUqQArCgRfHrJ7C"},
        {"id": 4, "nama": "Us Ida", "token": "3iNaY1t5pwsG2oY7dFno"},
        {"id": 5, "nama": "Us Naya", "token": "2v2s3KoWKpbCVheE4jH8"},
        {"id": 6, "nama": "Ust Fahmi", "token": "75Kj8FjnMWWaz9rUpCKp"},
        {"id": 7, "nama": "Ust Shafiq", "token": "bCoEUyerC2MEmZfnzVpb"},
        {"id": 8, "nama": "Ust Amiin", "token": "54EQW2qN1aYKisqCqjoz"}
    ],

        "siswa": [
            {"id": 1, "kelas": "7C", "nama": "Zaki Arif Hidayatullah", "whatsapp": "6281222840404"},
            {"id": 2, "kelas": "7C", "nama": "Arfa Dzaki Dzikrullah", "whatsapp": "6287735579860"},
            {"id": 3, "kelas": "7C", "nama": "Alfan Haza Fahdhlan", "whatsapp": "6282135531514"},
            {"id": 4, "kelas": "7C", "nama": "Sean Arkana Girasta Ramadhani", "whatsapp": "6281280459754"},
            {"id": 5, "kelas": "7C", "nama": "Javas Natha Ganendra", "whatsapp": "6281326263220"},
            {"id": 6, "kelas": "7C", "nama": "Muhammad Fadhil Azami", "whatsapp": "6285642378815"},
            {"id": 7, "kelas": "7C", "nama": "Anugerah Alfan Dzikrillah", "whatsapp": "6285642400501"},
            {"id": 8, "kelas": "7C", "nama": "Alegro Morashakiy Zulkarnain", "whatsapp": "628112576403"},
            {"id": 9, "kelas": "7C", "nama": "Brian Shafa Shehan", "whatsapp": "6281326665333"},
            {"id": 10, "kelas": "7C", "nama": "Ghazy Al Misky Waspodo", "whatsapp": "6283815179123"},
            {"id": 11, "kelas": "7C", "nama": "Mirza Nasyat Rudyanto", "whatsapp": "6285887777770"},
            {"id": 12, "kelas": "7C", "nama": "Muhammad Hibbaan Dhiyaa-Ul Haqq", "whatsapp": "6281337055118"},
            {"id": 13, "kelas": "7C", "nama": "Muhammad Ibrahim AshShidiq", "whatsapp": "6282138938959"},
            {"id": 14, "kelas": "7C", "nama": "Nawwaf Yasser Sungkar", "whatsapp": "6287721311230"},
            {"id": 15, "kelas": "7C", "nama": "Rafdan Fawaza Sakhiyy", "whatsapp": "6288980693223"},
            {"id": 16, "kelas": "7C", "nama": "Rakan Yusuf", "whatsapp": "6281211207447"},
            {"id": 17, "kelas": "7C", "nama": "Rasya Fatihan Akbar", "whatsapp": "6281211207447"},
            {"id": 18, "kelas": "7C", "nama": "Sakha Arkhan Wiratama Putra Santosa", "whatsapp": "6281296039655"},
            {"id": 19, "kelas": "7C", "nama": "Rayhan Satria Nugroho", "whatsapp": "62895363075888"},
            {"id": 20, "kelas": "7F", "nama": "Agiska Khanza Pradipa", "whatsapp": "6285642116689"},
            {"id": 21, "kelas": "7F", "nama": "Aisyah Anwar Baraja", "whatsapp": "62811264549"},
            {"id": 22, "kelas": "7F", "nama": "Aisyah Fiedha Hafit", "whatsapp": "6285733881609"},
            {"id": 23, "kelas": "7F", "nama": "Alifah Khairunnisa Yuanda Hermawan", "whatsapp": "628983100763"},
            {"id": 24, "kelas": "7F", "nama": "Alma 'Alimatul Yusra", "whatsapp": "6281548406564"},
            {"id": 25, "kelas": "7F", "nama": "Alysa Azka Ghaisani", "whatsapp": "6281548334743"},
            {"id": 26, "kelas": "7F", "nama": "Alzena Ayu Prameswari", "whatsapp": "6285881754342"},
            {"id": 27, "kelas": "7F", "nama": "Aruna Callysta", "whatsapp": "6282258051143"},
            {"id": 28, "kelas": "7F", "nama": "Athifah Syahnaya Azzalea", "whatsapp": "6285781598470"},
            {"id": 29, "kelas": "7F", "nama": "Azizah Zahratussyifa Ismail", "whatsapp": "6282112068849"},
            {"id": 30, "kelas": "7F", "nama": "Az zahra Gladys putri senjaya", "whatsapp": "6281548288154"},
            {"id": 31, "kelas": "7F", "nama": "Carissa Danella Putri", "whatsapp": "6285229425441"},
            {"id": 32, "kelas": "7F", "nama": "Fachira Nur Rahmah Fahrizal", "whatsapp": "6285642879021"},
            {"id": 33, "kelas": "7F", "nama": "Hanifah Nur Amalina", "whatsapp": "628567984805"},
            {"id": 34, "kelas": "7F", "nama": "Hasna Putri Adia Zameena", "whatsapp": "6281335148371"},
            {"id": 35, "kelas": "7F", "nama": "Humairoh Azzaidah", "whatsapp": "6289696013717"},
            {"id": 36, "kelas": "7F", "nama": "Kalila Natasya gharini", "whatsapp": "6281381461331"},
            {"id": 37, "kelas": "7F", "nama": "Kayasmin Rania Azzahra", "whatsapp": "6287835365619"},
            {"id": 38, "kelas": "7F", "nama": "Khansa qonita Al Hasna", "whatsapp": "6285776269330"},
            {"id": 39, "kelas": "7F", "nama": "Khaylila Almira sulistyo", "whatsapp": "62817255114"},
            {"id": 40, "kelas": "7F", "nama": "Nayla Ufairah Azka", "whatsapp": "6283866077649"},
            {"id": 41, "kelas": "7F", "nama": "Niswa Qurratul Qudsi", "whatsapp": "6281329228255"},
            {"id": 42, "kelas": "7F", "nama": "Nova Firdasani", "whatsapp": "6281327692800"},
            {"id": 43, "kelas": "7F", "nama": "Qotrunnada Noviana Al Rofiq", "whatsapp": "6282135700032"},
            {"id": 44, "kelas": "7F", "nama": "Raisa Putri Ranadhia", "whatsapp": "6281329065838"},
            {"id": 45, "kelas": "7F", "nama": "Salsabila Qurotunada Asyifa Frisanudin", "whatsapp": "628985391528"},
            {"id": 46, "kelas": "7F", "nama": "Shefina Putri Aurellia", "whatsapp": "6281804503527"},
            {"id": 47, "kelas": "7F", "nama": "Shoiffi Khairunnisa", "whatsapp": "6285725282344"},
            {"id": 48, "kelas": "7F", "nama": "Zaskia Berliana Elvaretha", "whatsapp": "6282136660866"},
            {"id": 49, "kelas": "8D", "nama": "AHMAD HAMAS MUBARAK", "whatsapp": "6281275507477"},
            {"id": 50, "kelas": "8D", "nama": "AKBAR MAHENDRA SUSANTO", "whatsapp": "6285101908181"},
            {"id": 51, "kelas": "8D", "nama": "AKBAR YUSUF AR RANTISI", "whatsapp": "6281225911409"},
            {"id": 52, "kelas": "8D", "nama": "ALIEF NUR FIRDAUZ SUSENO", "whatsapp": "6282255844655"},
            {"id": 53, "kelas": "8D", "nama": "AMIRUL ARIF ARROSYID", "whatsapp": "6285642400501"},
            {"id": 54, "kelas": "8D", "nama": "AMMAR ZIDAN", "whatsapp": "6281390023988"},
            {"id": 55, "kelas": "8D", "nama": "ANAS ANUGRAH ILLAHI", "whatsapp": "6285697726319"},
            {"id": 56, "kelas": "8D", "nama": "ARSAKHA GHIFFARRAMIRO NARESWARA", "whatsapp": "6282352107203"},
            {"id": 57, "kelas": "8D", "nama": "ATHALLAH FADHIL SANTOSO", "whatsapp": "6281344011772"},
            {"id": 58, "kelas": "8D", "nama": "AZZAM KAFI RAIS", "whatsapp": "628562837761"},
            {"id": 59, "kelas": "8D", "nama": "BIMA ZUHDI NIAMILLAH", "whatsapp": "6281327300928"},
            {"id": 60, "kelas": "8D", "nama": "BRILIAN ZIDAN FARRAS", "whatsapp": "628239957373"},
            {"id": 61, "kelas": "8D", "nama": "DAFFA SYAUQILAH FARASY SAEFUDDIN", "whatsapp": "6281329530252"},
            {"id": 62, "kelas": "8D", "nama": "DAYYAN AQMAR FITRIANSYAH", "whatsapp": "6285254140232"},
            {"id": 63, "kelas": "8D", "nama": "FABIAN ARFA PUTRA", "whatsapp": "6285754596775"},
            {"id": 64, "kelas": "8D", "nama": "FAIZ NAUVAL FAHCRIANSYAH", "whatsapp": "6281317178005"},
            {"id": 65, "kelas": "8D", "nama": "FATHIN ABDULLAH ATTAQIY", "whatsapp": "6281393026528"},
            {"id": 66, "kelas": "8D", "nama": "HYLMI FATHAN MUZHOFFAR", "whatsapp": "6281548417011"},
            {"id": 67, "kelas": "8D", "nama": "MUHAMMAD ERNESTO PRABASENA", "whatsapp": "6281333364978"},
            {"id": 68, "kelas": "8D", "nama": "MUHAMMAD FATHIN ATSAL SURYOKO", "whatsapp": "6289503003013"},
            {"id": 69, "kelas": "8D", "nama": "MUHAMMAD ZUBAIR", "whatsapp": "6287751112622"},
            {"id": 70, "kelas": "8D", "nama": "NURAGA JUNDI ALIFATHI", "whatsapp": "6281329469784"},
            {"id": 71, "kelas": "8D", "nama": "RAY HUSAIN WIJAYA", "whatsapp": "6281380285800"},
            {"id": 72, "kelas": "8D", "nama": "REIKY NAFI QATRUNADA", "whatsapp": "628121522864"},
            {"id": 73, "kelas": "8D", "nama": "ZIVEN CHRISANDI SETYA PUTRA", "whatsapp": "6282137855887"},
            {"id": 74, "kelas": "8D", "nama": "ADZKY ZUBAIR ALKHOIR", "whatsapp": "6285290401587"},
            {"id": 75, "kelas": "8D", "nama": "FADHIL HAIDAR ANWAR", "whatsapp": "62811285066"},
            {"id": 76, "kelas": "8E", "nama": "Alisha Nursyifa", "whatsapp": "628562831583"},
            {"id": 77, "kelas": "8E", "nama": "Andi Nahda Athsilah", "whatsapp": "6282346704475"},
            {"id": 78, "kelas": "8E", "nama": "Arum Aufa Azizah", "whatsapp": "6285281614398"},
            {"id": 79, "kelas": "8E", "nama": "Faiha Neysa Lubna Indarvy", "whatsapp": "6281391669467"},
            {"id": 80, "kelas": "8E", "nama": "Filza Shaista Armanda", "whatsapp": "6281329244365"},
            {"id": 81, "kelas": "8E", "nama": "Isma Azizah Hanafi", "whatsapp": "6281329327833"},
            {"id": 82, "kelas": "8E", "nama": "Janeeta Aribah Zul Husni", "whatsapp": "6281227566242"},
            {"id": 83, "kelas": "8E", "nama": "Jenar Khalisa sakhi", "whatsapp": "6282137632959"},
            {"id": 84, "kelas": "8E", "nama": "Miftahul Khoiriyah Ramadhani", "whatsapp": "6285654463982"},
            {"id": 85, "kelas": "8E", "nama": "Nadia Raihana", "whatsapp": "6287845668859"},
            {"id": 86, "kelas": "8E", "nama": "Nafisah Jinan 'Ismah Mimosa", "whatsapp": "6285649722510"},
            {"id": 87, "kelas": "8E", "nama": "Nasywa Aura Asyifa", "whatsapp": "6283866745817"},
            {"id": 88, "kelas": "8E", "nama": "Princess Cleo Samantha Kusuma", "whatsapp": "6282137744454"},
            {"id": 89, "kelas": "8E", "nama": "Putri Siti Amarra", "whatsapp": "6285752872241"},
            {"id": 90, "kelas": "8E", "nama": "Qonita Qurrota A'yun Nurul Hanaa", "whatsapp": "6285229916063"},
            {"id": 91, "kelas": "8E", "nama": "Wilya Saka Akbar Agustia", "whatsapp": "6281329270044"},
            {"id": 92, "kelas": "8F", "nama": "Adzkia Nararya Paramudita", "whatsapp": "6285647468542"},
            {"id": 93, "kelas": "8F", "nama": "Aliya Mumtaza", "whatsapp": "628156736162"},
            {"id": 94, "kelas": "8F", "nama": "Azimah khoirunnisa", "whatsapp": "6281229865623"},
            {"id": 95, "kelas": "8F", "nama": "Carrisa El Ghaniya F", "whatsapp": "6285225555547"},
            {"id": 96, "kelas": "8F", "nama": "Fatimah Az-Zahra Sutapa", "whatsapp": "6289627499460"},
            {"id": 97, "kelas": "8F", "nama": "Haifa Aqila Husnina", "whatsapp": "6281285282521"},
            {"id": 98, "kelas": "8F", "nama": "Hasna Kamila Putri", "whatsapp": "6281329768607"},
            {"id": 99, "kelas": "8F", "nama": "Keysa Zafra Aqila", "whatsapp": "6281548367882"},
            {"id": 100, "kelas": "8F", "nama": "Morenza Davia Aulia Putri", "whatsapp": "6285326608481"},
            {"id": 101, "kelas": "8F", "nama": "Nabila Talita Rafifah", "whatsapp": "628122974216"},
            {"id": 102, "kelas": "8F", "nama": "Nadhifa Zahra Cantika Putri", "whatsapp": "6285728512346"},
            {"id": 103, "kelas": "8F", "nama": "Nindika Violeta Miftahul Atha", "whatsapp": "6285600870890"},
            {"id": 104, "kelas": "8F", "nama": "Safira Eka Putri Meylani", "whatsapp": "6285792260911"},
            {"id": 105, "kelas": "8F", "nama": "Tursina Fildza Qurrotal'Ain", "whatsapp": "6285704247046"},
            {"id": 106, "kelas": "8F", "nama": "Ujicoba mr amar", "whatsapp": "62859106544812"}
        ]
    
}
